locus_tag	ftype	length_bp	gene	EC_number	COG	product
EMGKIKMD_00001	CDS	1395	dnaA		COG0593	Chromosomal replication initiator protein DnaA
EMGKIKMD_00002	CDS	1116	dnaN		COG0592	Beta sliding clamp
EMGKIKMD_00003	CDS	1074	recF		COG1195	DNA replication and repair protein RecF
EMGKIKMD_00004	CDS	480				putative protein
EMGKIKMD_00005	CDS	2442	gyrA	5.6.2.2	COG0188	DNA gyrase subunit A
EMGKIKMD_00006	CDS	243				hypothetical protein
EMGKIKMD_00007	CDS	612				hypothetical protein
EMGKIKMD_00008	CDS	264				hypothetical protein
EMGKIKMD_00009	CDS	1050				hypothetical protein
EMGKIKMD_00010	CDS	762				hypothetical protein
EMGKIKMD_00011	CDS	1983				hypothetical protein
EMGKIKMD_00012	CDS	666				hypothetical protein
EMGKIKMD_00013	CDS	501				hypothetical protein
EMGKIKMD_00014	CDS	1815				hypothetical protein
EMGKIKMD_00015	CDS	2559				hypothetical protein
EMGKIKMD_00016	CDS	948				hypothetical protein
EMGKIKMD_00017	CDS	1974				hypothetical protein
EMGKIKMD_00018	CDS	636	greA			Transcription elongation factor GreA
EMGKIKMD_00019	CDS	2109				hypothetical protein
EMGKIKMD_00020	tRNA	88				tRNA-Ser(gga)
EMGKIKMD_00021	tRNA	89				tRNA-Ser(cga)
EMGKIKMD_00022	tRNA	76				tRNA-Arg(gcg)
EMGKIKMD_00023	tRNA	89				tRNA-Ser(gct)
EMGKIKMD_00024	tRNA	86				tRNA-Ser(tga)
EMGKIKMD_00025	CDS	267				hypothetical protein
EMGKIKMD_00026	CDS	2169				hypothetical protein
EMGKIKMD_00027	CDS	1332				hypothetical protein
EMGKIKMD_00028	CDS	711	ktrA_1		COG0569	Ktr system potassium uptake protein A
EMGKIKMD_00029	CDS	3072				hypothetical protein
EMGKIKMD_00030	CDS	1023	fliG_1		COG1536	Flagellar motor switch protein FliG
EMGKIKMD_00031	CDS	1326				hypothetical protein
EMGKIKMD_00032	CDS	1362				hypothetical protein
EMGKIKMD_00033	CDS	1365	murA	2.5.1.7	COG0766	UDP-N-acetylglucosamine 1-carboxyvinyltransferase
EMGKIKMD_00034	CDS	1635	groL		COG0459	60 kDa chaperonin
EMGKIKMD_00035	CDS	279				hypothetical protein
EMGKIKMD_00036	CDS	801				hypothetical protein
EMGKIKMD_00037	CDS	612				hypothetical protein
EMGKIKMD_00038	CDS	951	znuA		COG0803	High-affinity zinc uptake system binding-protein ZnuA
EMGKIKMD_00039	CDS	717	znuC	7.2.2.-	COG1121	Zinc import ATP-binding protein ZnuC
EMGKIKMD_00040	CDS	801	znuB		COG1108	High-affinity zinc uptake system membrane protein ZnuB
EMGKIKMD_00041	CDS	996		1.1.1.28		D-lactate dehydrogenase
EMGKIKMD_00042	CDS	1053				hypothetical protein
EMGKIKMD_00043	CDS	2439				hypothetical protein
EMGKIKMD_00044	CDS	933				hypothetical protein
EMGKIKMD_00045	CDS	2010				hypothetical protein
EMGKIKMD_00046	CDS	1893	mnmG		COG0445	tRNA uridine 5-carboxymethylaminomethyl modification enzyme MnmG
EMGKIKMD_00047	CDS	900	AAH1	3.5.4.2		Adenine deaminase
EMGKIKMD_00048	CDS	702				hypothetical protein
EMGKIKMD_00049	CDS	522				hypothetical protein
EMGKIKMD_00050	CDS	432				hypothetical protein
EMGKIKMD_00051	CDS	933				hypothetical protein
EMGKIKMD_00052	CDS	609				hypothetical protein
EMGKIKMD_00053	CDS	1056	prfA		COG0216	Peptide chain release factor RF1
EMGKIKMD_00054	CDS	1047	prmC	2.1.1.297	COG2890	Release factor glutamine methyltransferase
EMGKIKMD_00055	CDS	1056	nrdB	1.17.4.1	COG0208	Ribonucleoside-diphosphate reductase subunit beta
EMGKIKMD_00056	CDS	960	rlmB_1	2.1.1.185		23S rRNA (guanosine-2'-O-)-methyltransferase RlmB
EMGKIKMD_00057	CDS	237				hypothetical protein
EMGKIKMD_00058	CDS	1782	oadA	7.2.4.2	COG0511	Oxaloacetate decarboxylase alpha chain
EMGKIKMD_00059	CDS	1410				hypothetical protein
EMGKIKMD_00060	CDS	1317	dnaB	3.6.4.12	COG0305	Replicative DNA helicase
EMGKIKMD_00061	CDS	471	rplI		COG0359	50S ribosomal protein L9
EMGKIKMD_00062	CDS	300				hypothetical protein
EMGKIKMD_00063	CDS	531				Single-stranded DNA-binding protein
EMGKIKMD_00064	CDS	282				hypothetical protein
EMGKIKMD_00065	CDS	435				hypothetical protein
EMGKIKMD_00066	CDS	606	rsmD	2.1.1.171	COG0742	Ribosomal RNA small subunit methyltransferase D
EMGKIKMD_00067	CDS	306				hypothetical protein
EMGKIKMD_00068	CDS	1149	bepA_1	3.4.-.-		Beta-barrel assembly-enhancing protease
EMGKIKMD_00069	CDS	1023	rlmN	2.1.1.192	COG0820	putative dual-specificity RNA methyltransferase RlmN
EMGKIKMD_00070	CDS	384				hypothetical protein
EMGKIKMD_00071	CDS	387				hypothetical protein
EMGKIKMD_00072	CDS	2637	clpB		COG0542	Chaperone protein ClpB
EMGKIKMD_00073	CDS	273				hypothetical protein
EMGKIKMD_00074	CDS	1491				hypothetical protein
EMGKIKMD_00075	CDS	1410				hypothetical protein
EMGKIKMD_00076	CDS	879	melD		COG1175	Melibiose/raffinose/stachyose import permease protein MelD
EMGKIKMD_00077	CDS	822	dasC		COG0395	Diacetylchitobiose uptake system permease protein DasC
EMGKIKMD_00078	CDS	1617				hypothetical protein
EMGKIKMD_00079	CDS	1239	arnB_1	2.6.1.87		UDP-4-amino-4-deoxy-L-arabinose--oxoglutarate aminotransferase
EMGKIKMD_00080	CDS	2154				hypothetical protein
EMGKIKMD_00081	CDS	468	ndhS	1.17.1.5		Nicotinate dehydrogenase small FeS subunit
EMGKIKMD_00082	CDS	849				hypothetical protein
EMGKIKMD_00083	CDS	1614	hyfR		COG3604	DNA-binding transcriptional activator HyfR
EMGKIKMD_00084	CDS	987				hypothetical protein
EMGKIKMD_00085	CDS	1149				hypothetical protein
EMGKIKMD_00086	CDS	234				hypothetical protein
EMGKIKMD_00087	CDS	447	fruA		COG1299	PTS system fructose-specific EIIABC component
EMGKIKMD_00088	CDS	909				Cyclic di-GMP binding protein
EMGKIKMD_00089	CDS	387				hypothetical protein
EMGKIKMD_00090	CDS	615				hypothetical protein
EMGKIKMD_00091	CDS	1236				hypothetical protein
EMGKIKMD_00092	CDS	1065	murB	1.3.1.98	COG0812	UDP-N-acetylenolpyruvoylglucosamine reductase
EMGKIKMD_00093	CDS	1563	cysS	6.1.1.16	COG0215	Cysteine--tRNA ligase
EMGKIKMD_00094	CDS	543	sigM		COG1595	ECF RNA polymerase sigma factor SigM
EMGKIKMD_00095	CDS	648				hypothetical protein
EMGKIKMD_00096	CDS	1011	eutD		COG0280	Ethanolamine utilization protein EutD
EMGKIKMD_00097	CDS	1947	bepA_2	3.4.-.-		Beta-barrel assembly-enhancing protease
EMGKIKMD_00098	CDS	363	dksA			RNA polymerase-binding transcription factor DksA
EMGKIKMD_00099	CDS	219	infA		COG0361	Translation initiation factor IF-1
EMGKIKMD_00100	CDS	651	dnaJ_1			Chaperone protein DnaJ
EMGKIKMD_00101	CDS	756	pyrH			Uridylate kinase
EMGKIKMD_00102	CDS	603	resA			Thiol-disulfide oxidoreductase ResA
EMGKIKMD_00103	CDS	795	dsbD	1.8.1.8		Thiol:disulfide interchange protein DsbD
EMGKIKMD_00104	CDS	1974	pcrA_1	3.6.4.12		ATP-dependent DNA helicase PcrA
EMGKIKMD_00105	CDS	1824	dbpA	3.6.4.13		ATP-dependent RNA helicase DbpA
EMGKIKMD_00106	CDS	1782		3.1.3.5	COG0737	NAD 5'-nucleotidase
EMGKIKMD_00107	CDS	3048	polA	2.7.7.7	COG0258	DNA polymerase I
EMGKIKMD_00108	CDS	1533	betT		COG1292	High-affinity choline transport protein
EMGKIKMD_00109	CDS	1812	thiK	2.7.1.89		Thiamine kinase
EMGKIKMD_00110	CDS	1386	pfkA	2.7.1.11		ATP-dependent 6-phosphofructokinase
EMGKIKMD_00111	CDS	879	rlmB_2	2.1.1.185		23S rRNA (guanosine-2'-O-)-methyltransferase RlmB
EMGKIKMD_00112	tRNA	71				tRNA-Gln(ctg)
EMGKIKMD_00113	tRNA	74				tRNA-Glu(ttc)
EMGKIKMD_00114	tRNA	74				tRNA-Glu(ctc)
EMGKIKMD_00115	CDS	1713				hypothetical protein
EMGKIKMD_00116	CDS	1428	rpoN1		COG1508	RNA polymerase sigma-54 factor 1
EMGKIKMD_00117	CDS	1353	pepC	3.4.22.40	COG3579	Aminopeptidase C
EMGKIKMD_00118	CDS	987	hflK		COG0330	Modulator of FtsH protease HflK
EMGKIKMD_00119	CDS	996	hflC		COG0330	Modulator of FtsH protease HflC
EMGKIKMD_00120	CDS	810	pdxK	2.7.1.35	COG0351	Pyridoxine kinase
EMGKIKMD_00121	CDS	2034	uvrB			UvrABC system protein B
EMGKIKMD_00122	CDS	1797				hypothetical protein
EMGKIKMD_00123	CDS	1266				hypothetical protein
EMGKIKMD_00124	CDS	660	metI		COG2011	D-methionine transport system permease protein MetI
EMGKIKMD_00125	CDS	810	metN	3.6.3.-	COG1135	Methionine import ATP-binding protein MetN
EMGKIKMD_00126	CDS	1062	kamA	5.4.3.2	COG1509	L-lysine 2,3-aminomutase
EMGKIKMD_00127	CDS	1857	pckG	4.1.1.32	COG1274	Phosphoenolpyruvate carboxykinase [GTP]
EMGKIKMD_00128	CDS	2544				hypothetical protein
EMGKIKMD_00129	CDS	1107	ychF		COG0012	Ribosome-binding ATPase YchF
EMGKIKMD_00130	CDS	795	exoA	3.1.11.2	COG0708	Exodeoxyribonuclease
EMGKIKMD_00131	CDS	672				hypothetical protein
EMGKIKMD_00132	CDS	675				hypothetical protein
EMGKIKMD_00133	CDS	465				hypothetical protein
EMGKIKMD_00134	CDS	1797				hypothetical protein
EMGKIKMD_00135	CDS	198				hypothetical protein
EMGKIKMD_00136	CDS	1230				hypothetical protein
EMGKIKMD_00137	CDS	1131				hypothetical protein
EMGKIKMD_00138	CDS	495				hypothetical protein
EMGKIKMD_00139	tRNA	73				tRNA-Val(tac)
EMGKIKMD_00140	CDS	1473				hypothetical protein
EMGKIKMD_00141	CDS	681				hypothetical protein
EMGKIKMD_00142	CDS	693	ktrA_2		COG0569	Ktr system potassium uptake protein A
EMGKIKMD_00143	CDS	1719				hypothetical protein
EMGKIKMD_00144	CDS	534	ogt	2.1.1.63	COG0350	Methylated-DNA--protein-cysteine methyltransferase, constitutive
EMGKIKMD_00145	CDS	663	potA_1	7.6.2.11		Spermidine/putrescine import ATP-binding protein PotA
EMGKIKMD_00146	CDS	1743				hypothetical protein
EMGKIKMD_00147	CDS	1008	thiB		COG4143	Thiamine-binding periplasmic protein
EMGKIKMD_00148	CDS	1971		6.2.1.3	COG1022	Long-chain-fatty-acid--CoA ligase FadD15
EMGKIKMD_00149	tRNA	84				tRNA-Leu(gag)
EMGKIKMD_00150	CDS	480				hypothetical protein
EMGKIKMD_00151	CDS	579				hypothetical protein
EMGKIKMD_00152	CDS	1860				hypothetical protein
EMGKIKMD_00153	CDS	576				hypothetical protein
EMGKIKMD_00154	CDS	594				hypothetical protein
EMGKIKMD_00155	CDS	468				hypothetical protein
EMGKIKMD_00156	CDS	1020				hypothetical protein
EMGKIKMD_00157	CDS	1485	rsxC	7.-.-.-		Ion-translocating oxidoreductase complex subunit C
EMGKIKMD_00158	CDS	492				hypothetical protein
EMGKIKMD_00159	CDS	1101				hypothetical protein
EMGKIKMD_00160	CDS	1116				hypothetical protein
EMGKIKMD_00161	CDS	405	fadM	3.1.2.-	COG0824	Long-chain acyl-CoA thioesterase FadM
EMGKIKMD_00162	CDS	903				hypothetical protein
EMGKIKMD_00163	CDS	666				hypothetical protein
EMGKIKMD_00164	CDS	1029				hypothetical protein
EMGKIKMD_00165	CDS	1860	proS	6.1.1.15		Proline--tRNA ligase
EMGKIKMD_00166	CDS	1053	ruvB_1	3.6.4.12	COG2255	Holliday junction ATP-dependent DNA helicase RuvB
EMGKIKMD_00167	CDS	927	troA		COG0803	Periplasmic zinc-binding protein TroA
EMGKIKMD_00168	CDS	801	mntB		COG1121	Manganese transport system ATP-binding protein MntB
EMGKIKMD_00169	CDS	897	mntC		COG1108	Manganese transport system membrane protein MntC
EMGKIKMD_00170	CDS	1104	mntD		COG1108	Manganese transport system membrane protein MntD
EMGKIKMD_00171	CDS	462	mntR			HTH-type transcriptional regulator MntR
EMGKIKMD_00172	CDS	756	gpmA	5.4.2.11	COG0588	2,3-bisphosphoglycerate-dependent phosphoglycerate mutase
EMGKIKMD_00173	tRNA	73				tRNA-Met(cat)
EMGKIKMD_00174	CDS	810	mtnN	3.2.2.9		5'-methylthioadenosine/S-adenosylhomocysteine nucleosidase
EMGKIKMD_00175	CDS	429				hypothetical protein
EMGKIKMD_00176	CDS	528				hypothetical protein
EMGKIKMD_00177	CDS	645				hypothetical protein
EMGKIKMD_00178	CDS	609				hypothetical protein
EMGKIKMD_00179	CDS	267				hypothetical protein
EMGKIKMD_00180	CDS	1269				hypothetical protein
EMGKIKMD_00181	CDS	927				hypothetical protein
EMGKIKMD_00182	CDS	1884				hypothetical protein
EMGKIKMD_00183	CDS	444				hypothetical protein
EMGKIKMD_00184	CDS	639		2.7.7.87	COG0009	Putative threonylcarbamoyl-AMP synthase
EMGKIKMD_00185	CDS	846				putative protein
EMGKIKMD_00186	CDS	465	smpB		COG0691	SsrA-binding protein
EMGKIKMD_00187	CDS	708				hypothetical protein
EMGKIKMD_00188	CDS	1218	hemW		COG0635	Heme chaperone HemW
EMGKIKMD_00189	CDS	1188	tufA		COG0050	Elongation factor Tu
EMGKIKMD_00190	CDS	309	rpsJ		COG0051	30S ribosomal protein S10
EMGKIKMD_00191	CDS	627	rplC		COG0087	50S ribosomal protein L3
EMGKIKMD_00192	CDS	675	rplD			50S ribosomal protein L4
EMGKIKMD_00193	CDS	285	rplW		COG0089	50S ribosomal protein L23
EMGKIKMD_00194	CDS	822	rplB			50S ribosomal protein L2
EMGKIKMD_00195	CDS	288	rpsS			30S ribosomal protein S19
EMGKIKMD_00196	CDS	375	rplV		COG0091	50S ribosomal protein L22
EMGKIKMD_00197	CDS	744	rpsC			30S ribosomal protein S3
EMGKIKMD_00198	CDS	420	rplP		COG0197	50S ribosomal protein L16
EMGKIKMD_00199	CDS	219				hypothetical protein
EMGKIKMD_00200	CDS	270	rpsQ			30S ribosomal protein S17
EMGKIKMD_00201	CDS	369	rplN		COG0093	50S ribosomal protein L14
EMGKIKMD_00202	CDS	312	rplX		COG0198	50S ribosomal protein L24
EMGKIKMD_00203	CDS	558	rplE			50S ribosomal protein L5
EMGKIKMD_00204	CDS	399	rpsH			30S ribosomal protein S8
EMGKIKMD_00205	CDS	540	rplF			50S ribosomal protein L6
EMGKIKMD_00206	CDS	363	rplR			50S ribosomal protein L18
EMGKIKMD_00207	CDS	519	rpsE		COG0098	30S ribosomal protein S5
EMGKIKMD_00208	CDS	186	rpmD		COG1841	50S ribosomal protein L30
EMGKIKMD_00209	CDS	462	rplO		COG0200	50S ribosomal protein L15
EMGKIKMD_00210	CDS	1353	secY		COG0201	Protein translocase subunit SecY
EMGKIKMD_00211	CDS	114	rpmJ		COG0257	50S ribosomal protein L36
EMGKIKMD_00212	CDS	366	rpsM		COG0099	30S ribosomal protein S13
EMGKIKMD_00213	CDS	381	rpsK			30S ribosomal protein S11
EMGKIKMD_00214	CDS	1056	rpoA	2.7.7.6	COG0202	DNA-directed RNA polymerase subunit alpha
EMGKIKMD_00215	CDS	495				hypothetical protein
EMGKIKMD_00216	CDS	198				hypothetical protein
EMGKIKMD_00217	CDS	684	grpE			Protein GrpE
EMGKIKMD_00218	CDS	1908	dnaK			Chaperone protein DnaK
EMGKIKMD_00219	CDS	927	dnaJ_2		COG0484	Chaperone protein DnaJ
EMGKIKMD_00220	CDS	246	dnaJ_3		COG0484	Chaperone protein DnaJ
EMGKIKMD_00221	CDS	1470				hypothetical protein
EMGKIKMD_00222	CDS	2148				hypothetical protein
EMGKIKMD_00223	CDS	327				hypothetical protein
EMGKIKMD_00224	CDS	609	yodJ	3.4.-.-	COG1876	Putative carboxypeptidase YodJ
EMGKIKMD_00225	CDS	447				hypothetical protein
EMGKIKMD_00226	CDS	1440				hypothetical protein
EMGKIKMD_00227	CDS	741				hypothetical protein
EMGKIKMD_00228	CDS	108				hypothetical protein
EMGKIKMD_00229	rRNA	1545				16S ribosomal RNA
EMGKIKMD_00230	tRNA	75				tRNA-Ile(gat)
EMGKIKMD_00231	rRNA	2950				23S ribosomal RNA
EMGKIKMD_00232	rRNA	104				5S ribosomal RNA
EMGKIKMD_00233	CDS	687				hypothetical protein
EMGKIKMD_00234	CDS	768	cbiO	3.6.3.-	COG1122	Cobalt import ATP-binding protein CbiO
EMGKIKMD_00235	CDS	579	bioY		COG1268	Biotin transporter BioY
EMGKIKMD_00236	CDS	813				hypothetical protein
EMGKIKMD_00237	CDS	1974	priA	3.6.4.-	COG1198	Primosomal protein N'
EMGKIKMD_00238	CDS	651	truC	5.4.99.26	COG0564	tRNA pseudouridine synthase C
EMGKIKMD_00239	CDS	546				hypothetical protein
EMGKIKMD_00240	tRNA	73				tRNA-Thr(ggt)
EMGKIKMD_00241	CDS	171	rpmG		COG0267	50S ribosomal protein L33
EMGKIKMD_00242	tRNA	75				tRNA-Trp(cca)
EMGKIKMD_00243	CDS	180	secE			Protein translocase subunit SecE
EMGKIKMD_00244	CDS	558	nusG			Transcription termination/antitermination protein NusG
EMGKIKMD_00245	CDS	441	rplK		COG0080	50S ribosomal protein L11
EMGKIKMD_00246	CDS	681	rplA			50S ribosomal protein L1
EMGKIKMD_00247	CDS	543	rplJ		COG0244	50S ribosomal protein L10
EMGKIKMD_00248	CDS	390	rplL			50S ribosomal protein L7/L12
EMGKIKMD_00249	CDS	3537	rpoB	2.7.7.6	COG0085	DNA-directed RNA polymerase subunit beta
EMGKIKMD_00250	CDS	4251	rpoC	2.7.7.6	COG0086	DNA-directed RNA polymerase subunit beta'
EMGKIKMD_00251	CDS	375	rpsL		COG0048	30S ribosomal protein S12
EMGKIKMD_00252	CDS	471	rpsG		COG0049	30S ribosomal protein S7
EMGKIKMD_00253	CDS	3324				hypothetical protein
EMGKIKMD_00254	CDS	1953				hypothetical protein
EMGKIKMD_00255	CDS	1032				hypothetical protein
EMGKIKMD_00256	CDS	330				hypothetical protein
EMGKIKMD_00257	CDS	1053	flaA			Flagellar filament outer layer protein
EMGKIKMD_00258	CDS	288				hypothetical protein
EMGKIKMD_00259	CDS	330	hupA		COG0776	DNA-binding protein HU 1
EMGKIKMD_00260	CDS	1641	lnt_1	2.3.1.269		Apolipoprotein N-acyltransferase
EMGKIKMD_00261	CDS	414				hypothetical protein
EMGKIKMD_00262	CDS	1560	rho	3.6.4.-		Transcription termination factor Rho
EMGKIKMD_00263	CDS	306				hypothetical protein
EMGKIKMD_00264	CDS	651	pgsA	2.7.8.5		CDP-diacylglycerol--glycerol-3-phosphate 3-phosphatidyltransferase
EMGKIKMD_00265	CDS	1071	glpQ	3.1.4.46	COG0584	Glycerophosphodiester phosphodiesterase
EMGKIKMD_00266	CDS	711				hypothetical protein
EMGKIKMD_00267	CDS	612				hypothetical protein
EMGKIKMD_00268	CDS	1347				hypothetical protein
EMGKIKMD_00269	CDS	996	cpoB_1			Cell division coordinator CpoB
EMGKIKMD_00270	CDS	660			COG0664	Cyclic AMP receptor protein
EMGKIKMD_00271	CDS	1785				hypothetical protein
EMGKIKMD_00272	CDS	657	deoC	4.1.2.4	COG0274	Deoxyribose-phosphate aldolase
EMGKIKMD_00273	tmRNA	352	ssrA			transfer-messenger RNA, SsrA
EMGKIKMD_00274	CDS	1368	brnQ		COG1114	Branched-chain amino acid transport system 2 carrier protein
EMGKIKMD_00275	CDS	108				hypothetical protein
EMGKIKMD_00276	rRNA	1546				16S ribosomal RNA
EMGKIKMD_00277	tRNA	74				tRNA-Ala(tgc)
EMGKIKMD_00278	rRNA	2950				23S ribosomal RNA
EMGKIKMD_00279	rRNA	104				5S ribosomal RNA
EMGKIKMD_00280	CDS	366				hypothetical protein
EMGKIKMD_00281	CDS	594				hypothetical protein
EMGKIKMD_00282	CDS	1449	mtaB	2.8.4.5	COG0621	Threonylcarbamoyladenosine tRNA methylthiotransferase MtaB
EMGKIKMD_00283	CDS	1527	cca	2.7.7.72		CCA-adding enzyme
EMGKIKMD_00284	CDS	975	spo0J		COG1475	Stage 0 sporulation protein J
EMGKIKMD_00285	CDS	762	soj	3.6.-.-	COG1192	Sporulation initiation inhibitor protein Soj
EMGKIKMD_00286	CDS	792				hypothetical protein
EMGKIKMD_00287	CDS	501				hypothetical protein
EMGKIKMD_00288	CDS	750		2.4.1.187		N-acetylglucosaminyldiphosphoundecaprenol N-acetyl-beta-D-mannosaminyltransferase
EMGKIKMD_00289	CDS	885				hypothetical protein
EMGKIKMD_00290	CDS	1347				hypothetical protein
EMGKIKMD_00291	CDS	2499	cmk_1	2.7.4.25		Cytidylate kinase
EMGKIKMD_00292	CDS	720				hypothetical protein
EMGKIKMD_00293	CDS	561	coaD	2.7.7.3	COG0669	Phosphopantetheine adenylyltransferase
EMGKIKMD_00294	CDS	141				hypothetical protein
EMGKIKMD_00295	CDS	660				hypothetical protein
EMGKIKMD_00296	CDS	1080				hypothetical protein
EMGKIKMD_00297	CDS	375				hypothetical protein
EMGKIKMD_00298	CDS	594				hypothetical protein
EMGKIKMD_00299	CDS	948	kdsB	2.7.7.38		8-amino-3,8-dideoxy-manno-octulosonate cytidylyltransferase
EMGKIKMD_00300	CDS	1605	COQ3	2.1.1.222		Ubiquinone biosynthesis O-methyltransferase, mitochondrial
EMGKIKMD_00301	CDS	834	ywtE	3.1.3.104	COG0561	5-amino-6-(5-phospho-D-ribitylamino)uracil phosphatase YwtE
EMGKIKMD_00302	CDS	882	lldD	1.1.-.-		L-lactate dehydrogenase
EMGKIKMD_00303	CDS	1218	pal_1			Peptidoglycan-associated lipoprotein
EMGKIKMD_00304	CDS	1266	prs			Putative ribose-phosphate pyrophosphokinase
EMGKIKMD_00305	CDS	1245	xylB	2.7.1.17		Xylulose kinase
EMGKIKMD_00306	CDS	636	coaE	2.7.1.24		Dephospho-CoA kinase
EMGKIKMD_00307	CDS	774				hypothetical protein
EMGKIKMD_00308	CDS	1032	rfuA		COG1744	ABC transporter riboflavin-binding protein RfuA
EMGKIKMD_00309	CDS	222	rfuB_1	3.6.3.-	COG3845	putative riboflavin import ATP-binding protein RfuB
EMGKIKMD_00310	CDS	1551	rfuB_2	3.6.3.-	COG3845	putative riboflavin import ATP-binding protein RfuB
EMGKIKMD_00311	CDS	1134	rfuC		COG4603	putative riboflavin import permease protein RfuC
EMGKIKMD_00312	CDS	942	rfuD_1		COG1079	putative riboflavin import permease protein RfuD
EMGKIKMD_00313	CDS	1947	mutL		COG0323	DNA mismatch repair protein MutL
EMGKIKMD_00314	CDS	2931				hypothetical protein
EMGKIKMD_00315	CDS	1779	pyrG	6.3.4.2		CTP synthase
EMGKIKMD_00316	CDS	615	rpsD		COG0522	30S ribosomal protein S4
EMGKIKMD_00317	CDS	1029				hypothetical protein
EMGKIKMD_00318	CDS	966	fliY_1		COG0834	L-cystine-binding protein FliY
EMGKIKMD_00319	CDS	882	fliY_2		COG0834	L-cystine-binding protein FliY
EMGKIKMD_00320	CDS	330				Single-stranded DNA-binding protein
EMGKIKMD_00321	CDS	1014				hypothetical protein
EMGKIKMD_00322	CDS	2289				hypothetical protein
EMGKIKMD_00323	CDS	630				hypothetical protein
EMGKIKMD_00324	CDS	126				hypothetical protein
EMGKIKMD_00325	CDS	1110				hypothetical protein
EMGKIKMD_00326	CDS	2271				hypothetical protein
EMGKIKMD_00327	CDS	1062	tmpC		COG1744	Membrane lipoprotein TmpC
EMGKIKMD_00328	CDS	147				hypothetical protein
EMGKIKMD_00329	CDS	1602	rbsA	7.5.2.7	COG1129	Ribose import ATP-binding protein RbsA
EMGKIKMD_00330	CDS	1116				hypothetical protein
EMGKIKMD_00331	CDS	951	rfuD_2		COG1079	putative riboflavin import permease protein RfuD
EMGKIKMD_00332	CDS	1458				hypothetical protein
EMGKIKMD_00333	CDS	2967				hypothetical protein
EMGKIKMD_00334	CDS	2514			COG4775	Putative outer membrane protein assembly factor
EMGKIKMD_00335	CDS	519				hypothetical protein
EMGKIKMD_00336	CDS	2703	mutS		COG0249	DNA mismatch repair protein MutS
EMGKIKMD_00337	tRNA	83				tRNA-Leu(caa)
EMGKIKMD_00338	CDS	1797	ftsH_1	3.4.24.-		ATP-dependent zinc metalloprotease FtsH
EMGKIKMD_00339	tRNA	74				tRNA-Gly(tcc)
EMGKIKMD_00340	CDS	1467	gnd	1.1.1.44	COG0362	6-phosphogluconate dehydrogenase, decarboxylating
EMGKIKMD_00341	CDS	693	lolA			Outer-membrane lipoprotein carrier protein
EMGKIKMD_00342	CDS	1218				hypothetical protein
EMGKIKMD_00343	CDS	468				hypothetical protein
EMGKIKMD_00344	CDS	1614				hypothetical protein
EMGKIKMD_00345	CDS	858	rsmA	2.1.1.182	COG0030	Ribosomal RNA small subunit methyltransferase A
EMGKIKMD_00346	CDS	489				hypothetical protein
EMGKIKMD_00347	CDS	996				hypothetical protein
EMGKIKMD_00348	CDS	1473	fpgS	6.3.2.17		Folylpolyglutamate synthase
EMGKIKMD_00349	CDS	1446	murC	6.3.2.8	COG0773	UDP-N-acetylmuramate--L-alanine ligase
EMGKIKMD_00350	CDS	561	cmk_2	2.7.4.25		Cytidylate kinase
EMGKIKMD_00351	CDS	834	nth_1	4.2.99.18		Endonuclease III
EMGKIKMD_00352	CDS	3447	mfd	3.6.4.-		Transcription-repair-coupling factor
EMGKIKMD_00353	CDS	1092	mraY	2.7.8.13		Phospho-N-acetylmuramoyl-pentapeptide-transferase
EMGKIKMD_00354	CDS	696				hypothetical protein
EMGKIKMD_00355	CDS	711				hypothetical protein
EMGKIKMD_00356	CDS	531	slyD	5.2.1.8	COG1047	FKBP-type peptidyl-prolyl cis-trans isomerase SlyD
EMGKIKMD_00357	CDS	1287	proA	1.2.1.41	COG0014	Gamma-glutamyl phosphate reductase
EMGKIKMD_00358	CDS	891	proB	2.7.2.11	COG0263	Glutamate 5-kinase
EMGKIKMD_00359	CDS	258				hypothetical protein
EMGKIKMD_00360	CDS	510	rnhA	3.1.26.4	COG0328	Ribonuclease HI
EMGKIKMD_00361	CDS	627	tmk	2.7.4.9	COG0125	Thymidylate kinase
EMGKIKMD_00362	CDS	270				hypothetical protein
EMGKIKMD_00363	CDS	108				hypothetical protein
EMGKIKMD_00364	CDS	660	birA	6.3.4.15	COG0340	Bifunctional ligase/repressor BirA
EMGKIKMD_00365	CDS	1581		2.4.1.18	COG1543	1,4-alpha-glucan branching enzyme
EMGKIKMD_00366	CDS	636				hypothetical protein
EMGKIKMD_00367	CDS	171				hypothetical protein
EMGKIKMD_00368	CDS	804				hypothetical protein
EMGKIKMD_00369	CDS	2433				hypothetical protein
EMGKIKMD_00370	CDS	1368				hypothetical protein
EMGKIKMD_00371	CDS	465	cheX	3.-.-.-	COG1406	CheY-P phosphatase CheX
EMGKIKMD_00372	CDS	435	cheY		COG0784	Chemotaxis protein CheY
EMGKIKMD_00373	CDS	2826	smc_1			Chromosome partition protein Smc
EMGKIKMD_00374	CDS	336				hypothetical protein
EMGKIKMD_00375	CDS	1551	cpoB_2			Cell division coordinator CpoB
EMGKIKMD_00376	CDS	219				hypothetical protein
EMGKIKMD_00377	CDS	837	ispE	2.7.1.148	COG1947	4-diphosphocytidyl-2-C-methyl-D-erythritol kinase
EMGKIKMD_00378	tRNA	75				tRNA-Gln(ttg)
EMGKIKMD_00379	CDS	1434	tilS	6.3.4.19		tRNA(Ile)-lysidine synthase
EMGKIKMD_00380	CDS	2319				hypothetical protein
EMGKIKMD_00381	CDS	291				hypothetical protein
EMGKIKMD_00382	CDS	99				hypothetical protein
EMGKIKMD_00383	CDS	906				hypothetical protein
EMGKIKMD_00384	CDS	381				hypothetical protein
EMGKIKMD_00385	CDS	2751	secA		COG0653	Protein translocase subunit SecA
EMGKIKMD_00386	CDS	1821				hypothetical protein
EMGKIKMD_00387	CDS	717				hypothetical protein
EMGKIKMD_00388	CDS	450	mraZ			Transcriptional regulator MraZ
EMGKIKMD_00389	CDS	1140	rsmH	2.1.1.199	COG0275	Ribosomal RNA small subunit methyltransferase H
EMGKIKMD_00390	CDS	375	ftsL			Cell division protein FtsL
EMGKIKMD_00391	CDS	1380	murF	6.3.2.10	COG0770	UDP-N-acetylmuramoyl-tripeptide--D-alanyl-D-alanine ligase
EMGKIKMD_00392	CDS	1155	ftsW	2.4.1.129	COG0772	putative peptidoglycan glycosyltransferase FtsW
EMGKIKMD_00393	CDS	816	ftsQ			Cell division protein FtsQ
EMGKIKMD_00394	CDS	1245	ftsA		COG0849	Cell division protein FtsA
EMGKIKMD_00395	CDS	1254	ftsZ		COG0206	Cell division protein FtsZ
EMGKIKMD_00396	CDS	921	xerD		COG4974	Tyrosine recombinase XerD
EMGKIKMD_00397	CDS	753				hypothetical protein
EMGKIKMD_00398	CDS	909				hypothetical protein
EMGKIKMD_00399	CDS	2196	topA	5.6.2.1		DNA topoisomerase 1
EMGKIKMD_00400	CDS	894	xerC		COG4974	Tyrosine recombinase XerC
EMGKIKMD_00401	CDS	411	flgB		COG1815	Flagellar basal body rod protein FlgB
EMGKIKMD_00402	CDS	390	flgC		COG1558	Flagellar basal-body rod protein FlgC
EMGKIKMD_00403	CDS	375	fliE			Flagellar hook-basal body complex protein FliE
EMGKIKMD_00404	CDS	1704	fliF		COG1766	Flagellar M-ring protein
EMGKIKMD_00405	CDS	1059	fliG_2		COG1536	Flagellar motor switch protein FliG
EMGKIKMD_00406	CDS	930				hypothetical protein
EMGKIKMD_00407	CDS	1344	yscN	7.1.2.2		putative ATP synthase YscN
EMGKIKMD_00408	CDS	453				hypothetical protein
EMGKIKMD_00409	CDS	534				hypothetical protein
EMGKIKMD_00410	CDS	243				hypothetical protein
EMGKIKMD_00411	CDS	990	murI	5.1.1.3		Glutamate racemase
EMGKIKMD_00412	CDS	675	gph_1	3.1.3.18		Phosphoglycolate phosphatase
EMGKIKMD_00413	CDS	3255	smc_2			Chromosome partition protein Smc
EMGKIKMD_00414	CDS	378				hypothetical protein
EMGKIKMD_00415	CDS	1752	secD			Protein translocase subunit SecD
EMGKIKMD_00416	CDS	1263	secF			Protein-export membrane protein SecF
EMGKIKMD_00417	CDS	306				hypothetical protein
EMGKIKMD_00418	CDS	1899	glmM			Phosphoglucosamine mutase
EMGKIKMD_00419	CDS	1401	alsT_1		COG1115	Amino-acid carrier protein AlsT
EMGKIKMD_00420	CDS	516				hypothetical protein
EMGKIKMD_00421	CDS	1359	ffh		COG0541	Signal recognition particle protein
EMGKIKMD_00422	CDS	1680	lnt_2	2.3.1.269		Apolipoprotein N-acyltransferase
EMGKIKMD_00423	CDS	1167	galK	2.7.1.6	COG0153	Galactokinase
EMGKIKMD_00424	CDS	564	surE	3.1.3.5	COG0496	5'-nucleotidase SurE
EMGKIKMD_00425	CDS	246				hypothetical protein
EMGKIKMD_00426	CDS	2019				hypothetical protein
EMGKIKMD_00427	CDS	969				hypothetical protein
EMGKIKMD_00428	CDS	807				hypothetical protein
EMGKIKMD_00429	CDS	699	atpE_1			V-type proton ATPase subunit E
EMGKIKMD_00430	CDS	237				hypothetical protein
EMGKIKMD_00431	CDS	1770	ntpA	7.2.2.1		V-type sodium ATPase catalytic subunit A
EMGKIKMD_00432	CDS	1293	ntpB_1			V-type sodium ATPase subunit B
EMGKIKMD_00433	CDS	621	atpD_1			V-type ATP synthase subunit D
EMGKIKMD_00434	CDS	1869				hypothetical protein
EMGKIKMD_00435	CDS	423				hypothetical protein
EMGKIKMD_00436	CDS	822	coaX	2.7.1.33	COG1521	Type III pantothenate kinase
EMGKIKMD_00437	CDS	534				hypothetical protein
EMGKIKMD_00438	CDS	771				hypothetical protein
EMGKIKMD_00439	CDS	669				hypothetical protein
EMGKIKMD_00440	CDS	471			COG3015	17 kDa lipoprotein
EMGKIKMD_00441	CDS	1083	nrnA	3.1.-.-	COG0618	Bifunctional oligoribonuclease and PAP phosphatase NrnA
EMGKIKMD_00442	CDS	465				hypothetical protein
EMGKIKMD_00443	CDS	765		3.6.1.66		dITP/XTP pyrophosphatase
EMGKIKMD_00444	CDS	474	cheW		COG0835	Chemotaxis protein CheW
EMGKIKMD_00445	CDS	1152	arnB_2	2.6.1.87		UDP-4-amino-4-deoxy-L-arabinose--oxoglutarate aminotransferase
EMGKIKMD_00446	CDS	906	nadK	2.7.1.23		NAD kinase
EMGKIKMD_00447	CDS	1722	recN		COG0497	DNA repair protein RecN
EMGKIKMD_00448	CDS	804				hypothetical protein
EMGKIKMD_00449	CDS	1029				hypothetical protein
EMGKIKMD_00450	CDS	630	yajL	3.1.2.-	COG0693	Protein/nucleic acid deglycase 3
EMGKIKMD_00451	CDS	1260	ispG	1.17.7.3	COG0821	4-hydroxy-3-methylbut-2-en-1-yl diphosphate synthase (flavodoxin)
EMGKIKMD_00452	CDS	1125				hypothetical protein
EMGKIKMD_00453	CDS	1083	upp			Uracil phosphoribosyltransferase
EMGKIKMD_00454	CDS	591	bepA_3	3.4.-.-		Beta-barrel assembly-enhancing protease
EMGKIKMD_00455	CDS	2097	fusA_1		COG0480	Elongation factor G
EMGKIKMD_00456	CDS	3465	ileS	6.1.1.5	COG0060	Isoleucine--tRNA ligase
EMGKIKMD_00457	CDS	807				Outer membrane protein
EMGKIKMD_00458	CDS	351				hypothetical protein
EMGKIKMD_00459	CDS	690				hypothetical protein
EMGKIKMD_00460	CDS	975				hypothetical protein
EMGKIKMD_00461	CDS	1317				hypothetical protein
EMGKIKMD_00462	CDS	1698				hypothetical protein
EMGKIKMD_00463	CDS	579	scpB			Segregation and condensation protein B
EMGKIKMD_00464	CDS	852	rluB	5.4.99.22	COG1187	Ribosomal large subunit pseudouridine synthase B
EMGKIKMD_00465	CDS	621				hypothetical protein
EMGKIKMD_00466	CDS	300				hypothetical protein
EMGKIKMD_00467	CDS	894				hypothetical protein
EMGKIKMD_00468	CDS	246				hypothetical protein
EMGKIKMD_00469	CDS	753	trmB	2.1.1.33	COG0220	tRNA (guanine-N(7)-)-methyltransferase
EMGKIKMD_00470	CDS	801				hypothetical protein
EMGKIKMD_00471	CDS	1071				hypothetical protein
EMGKIKMD_00472	CDS	531	lapB_1			Lipopolysaccharide assembly protein B
EMGKIKMD_00473	CDS	1464	cpoB_3			Cell division coordinator CpoB
EMGKIKMD_00474	CDS	1110				hypothetical protein
EMGKIKMD_00475	CDS	1374				hypothetical protein
EMGKIKMD_00476	CDS	2076	uvrC			UvrABC system protein C
EMGKIKMD_00477	CDS	627				hypothetical protein
EMGKIKMD_00478	CDS	738			COG0217	putative transcriptional regulatory protein
EMGKIKMD_00479	CDS	1608	pgi	5.3.1.9	COG0166	Glucose-6-phosphate isomerase
EMGKIKMD_00480	CDS	1347	ackA	2.7.2.1	COG0282	Acetate kinase
EMGKIKMD_00481	CDS	726	pgl	3.1.1.31	COG0363	6-phosphogluconolactonase
EMGKIKMD_00482	CDS	1548	zwf	1.1.1.49	COG0364	Glucose-6-phosphate 1-dehydrogenase
EMGKIKMD_00483	CDS	675				hypothetical protein
EMGKIKMD_00484	CDS	489				hypothetical protein
EMGKIKMD_00485	CDS	1434				hypothetical protein
EMGKIKMD_00486	CDS	849				hypothetical protein
EMGKIKMD_00487	CDS	1125				hypothetical protein
EMGKIKMD_00488	CDS	1923				hypothetical protein
EMGKIKMD_00489	CDS	1845				hypothetical protein
EMGKIKMD_00490	CDS	1455	smc_3			Chromosome partition protein Smc
EMGKIKMD_00491	CDS	1578				hypothetical protein
EMGKIKMD_00492	CDS	2406	mcpB		COG0840	Methyl-accepting chemotaxis protein McpB
EMGKIKMD_00493	tRNA	75				tRNA-Thr(tgt)
EMGKIKMD_00494	tRNA	83				tRNA-Tyr(gta)
EMGKIKMD_00495	CDS	1017	rbn_1	3.1.26.11		Ribonuclease BN
EMGKIKMD_00496	CDS	189				hypothetical protein
EMGKIKMD_00497	CDS	1035	mltG	4.2.2.-	COG1559	Endolytic murein transglycosylase
EMGKIKMD_00498	CDS	1818	dnaG	2.7.7.-		DNA primase
EMGKIKMD_00499	CDS	1833	rpoD		COG0568	RNA polymerase sigma factor RpoD
EMGKIKMD_00500	CDS	822				hypothetical protein
EMGKIKMD_00501	CDS	945				hypothetical protein
EMGKIKMD_00502	CDS	1035	mreB		COG1077	Cell shape-determining protein MreB
EMGKIKMD_00503	CDS	864				hypothetical protein
EMGKIKMD_00504	CDS	507				hypothetical protein
EMGKIKMD_00505	CDS	1875	mrdA	3.4.16.4	COG0768	Peptidoglycan D,D-transpeptidase MrdA
EMGKIKMD_00506	CDS	1302	mrdB	2.4.1.129		Peptidoglycan glycosyltransferase MrdB
EMGKIKMD_00507	CDS	897				hypothetical protein
EMGKIKMD_00508	CDS	543				hypothetical protein
EMGKIKMD_00509	CDS	1335				hypothetical protein
EMGKIKMD_00510	tRNA	73				tRNA-Lys(ctt)
EMGKIKMD_00511	tRNA	83				tRNA-Leu(tag)
EMGKIKMD_00512	tRNA	72				tRNA-Gly(gcc)
EMGKIKMD_00513	CDS	1329	tig	5.2.1.8		Trigger factor
EMGKIKMD_00514	CDS	612	clpP_1	3.4.21.92	COG0740	ATP-dependent Clp protease proteolytic subunit
EMGKIKMD_00515	CDS	1248	clpX		COG1219	ATP-dependent Clp protease ATP-binding subunit ClpX
EMGKIKMD_00516	CDS	567	ahpC	1.11.1.15	COG0450	Alkyl hydroperoxide reductase C
EMGKIKMD_00517	CDS	1809	lepA	3.6.5.-		Elongation factor 4
EMGKIKMD_00518	CDS	540	carD		COG1329	RNA polymerase-binding transcription factor CarD
EMGKIKMD_00519	CDS	1248	ispDF		COG0245	Bifunctional enzyme IspD/IspF
EMGKIKMD_00520	CDS	1455	trkA		COG0569	Trk system potassium uptake protein TrkA
EMGKIKMD_00521	CDS	2931	uvrA			UvrABC system protein A
EMGKIKMD_00522	CDS	2976				hypothetical protein
EMGKIKMD_00523	CDS	1581	murJ		COG0728	Lipid II flippase MurJ
EMGKIKMD_00524	CDS	591	ruvC	3.1.22.4	COG0817	Crossover junction endodeoxyribonuclease RuvC
EMGKIKMD_00525	CDS	693				hypothetical protein
EMGKIKMD_00526	CDS	1377	atoC		COG2204	Regulatory protein AtoC
EMGKIKMD_00527	CDS	411	zraS	2.7.13.3		Sensor protein ZraS
EMGKIKMD_00528	CDS	456				hypothetical protein
EMGKIKMD_00529	CDS	1272				hypothetical protein
EMGKIKMD_00530	CDS	480				hypothetical protein
EMGKIKMD_00531	CDS	1155	murG	2.4.1.227		UDP-N-acetylglucosamine--N-acetylmuramyl-(pentapeptide) pyrophosphoryl-undecaprenol N-acetylglucosamine transferase
EMGKIKMD_00532	CDS	2646	lon	3.4.21.53	COG0466	Lon protease
EMGKIKMD_00533	CDS	564	efp			Elongation factor P
EMGKIKMD_00534	CDS	2007	hrpA	3.6.4.13	COG1643	ATP-dependent RNA helicase HrpA
EMGKIKMD_00535	CDS	630	atpD_2		COG1394	V-type ATP synthase subunit D
EMGKIKMD_00536	CDS	1443	ntpB_2			V-type sodium ATPase subunit B
EMGKIKMD_00537	CDS	1818	atpA	7.1.2.2	COG1155	V-type ATP synthase alpha chain
EMGKIKMD_00538	CDS	627	atpE_2			V-type proton ATPase subunit E
EMGKIKMD_00539	CDS	339	atpF			V-type ATP synthase subunit F
EMGKIKMD_00540	CDS	297	atpH			ATP synthase subunit c
EMGKIKMD_00541	CDS	372				hypothetical protein
EMGKIKMD_00542	CDS	1365				hypothetical protein
EMGKIKMD_00543	CDS	1026				hypothetical protein
EMGKIKMD_00544	CDS	213				hypothetical protein
EMGKIKMD_00545	CDS	396				hypothetical protein
EMGKIKMD_00546	CDS	750	pgk/tpi_1		COG0126	Bifunctional PGK/TIM
EMGKIKMD_00547	CDS	177				hypothetical protein
EMGKIKMD_00548	CDS	1257	pgk/tpi_2		COG0126	Bifunctional PGK/TIM
EMGKIKMD_00549	tRNA	75				tRNA-Asn(gtt)
EMGKIKMD_00550	CDS	366	rsbV		COG1366	Anti-sigma-B factor antagonist
EMGKIKMD_00551	CDS	960	era		COG1159	GTPase Era
EMGKIKMD_00552	CDS	1722	pfp	2.7.1.90	COG0205	Pyrophosphate--fructose 6-phosphate 1-phosphotransferase
EMGKIKMD_00553	CDS	684	ruvA	3.6.4.12	COG0632	Holliday junction ATP-dependent DNA helicase RuvA
EMGKIKMD_00554	CDS	1869				hypothetical protein
EMGKIKMD_00555	CDS	1065	mglB_1		COG1879	D-galactose-binding periplasmic protein
EMGKIKMD_00556	CDS	1716				hypothetical protein
EMGKIKMD_00557	CDS	1062	ispH	1.17.7.4	COG0761	4-hydroxy-3-methylbut-2-enyl diphosphate reductase
EMGKIKMD_00558	CDS	1179				hypothetical protein
EMGKIKMD_00559	CDS	2445	clpC			ATP-dependent Clp protease ATP-binding subunit ClpC
EMGKIKMD_00560	CDS	1488	mnmE	3.6.-.-	COG0486	tRNA modification GTPase MnmE
EMGKIKMD_00561	CDS	1089				hypothetical protein
EMGKIKMD_00562	CDS	534				hypothetical protein
EMGKIKMD_00563	tRNA	72				tRNA-Cys(gca)
EMGKIKMD_00564	CDS	1212				hypothetical protein
EMGKIKMD_00565	CDS	660	gph_2	3.1.3.18	COG0546	Phosphoglycolate phosphatase
EMGKIKMD_00566	CDS	1191				hypothetical protein
EMGKIKMD_00567	CDS	993	asnA	6.3.1.1	COG2502	Aspartate--ammonia ligase
EMGKIKMD_00568	CDS	714				hypothetical protein
EMGKIKMD_00569	CDS	909				hypothetical protein
EMGKIKMD_00570	CDS	1206	thiI	2.8.1.4	COG0301	putative tRNA sulfurtransferase
EMGKIKMD_00571	CDS	1986	tkt	2.2.1.1		Transketolase
EMGKIKMD_00572	CDS	852				hypothetical protein
EMGKIKMD_00573	CDS	1137	neuB	2.5.1.101	COG2089	N,N'-diacetyllegionaminic acid synthase
EMGKIKMD_00574	CDS	408				hypothetical protein
EMGKIKMD_00575	CDS	2037				hypothetical protein
EMGKIKMD_00576	CDS	1218				hypothetical protein
EMGKIKMD_00577	CDS	1488				hypothetical protein
EMGKIKMD_00578	CDS	621				hypothetical protein
EMGKIKMD_00579	CDS	633	eda		COG0800	Putative KHG/KDPG aldolase
EMGKIKMD_00580	CDS	2241				hypothetical protein
EMGKIKMD_00581	CDS	870				hypothetical protein
EMGKIKMD_00582	CDS	615	lemA		COG1704	Protein LemA
EMGKIKMD_00583	CDS	1083	msrQ			Protein-methionine-sulfoxide reductase heme-binding subunit MsrQ
EMGKIKMD_00584	CDS	1305		3.4.-.-		Putative DD-carboxypeptidase
EMGKIKMD_00585	CDS	636				hypothetical protein
EMGKIKMD_00586	CDS	1479	ptsI	2.7.3.9	COG1080	Phosphoenolpyruvate-protein phosphotransferase
EMGKIKMD_00587	CDS	1107	prfB			Peptide chain release factor 2
EMGKIKMD_00588	CDS	1770				hypothetical protein
EMGKIKMD_00589	CDS	882	ftsY_1		COG0552	Signal recognition particle receptor FtsY
EMGKIKMD_00590	CDS	777				hypothetical protein
EMGKIKMD_00591	CDS	1290	lolE		COG4591	Lipoprotein-releasing system transmembrane protein LolE
EMGKIKMD_00592	CDS	681	lolD	3.6.3.-	COG1136	Lipoprotein-releasing system ATP-binding protein LolD
EMGKIKMD_00593	CDS	1488				hypothetical protein
EMGKIKMD_00594	CDS	1410				hypothetical protein
EMGKIKMD_00595	CDS	1644	dppE		COG4166	Dipeptide-binding protein DppE
EMGKIKMD_00596	CDS	2637	leuS	6.1.1.4		Leucine--tRNA ligase
EMGKIKMD_00597	CDS	765				hypothetical protein
EMGKIKMD_00598	CDS	267	crh		COG1925	HPr-like protein Crh
EMGKIKMD_00599	CDS	1035	hprK	2.7.11.-		HPr kinase/phosphorylase
EMGKIKMD_00600	tRNA	73				tRNA-Arg(cct)
EMGKIKMD_00601	tRNA	75				tRNA-Pro(cgg)
EMGKIKMD_00602	tRNA	77				tRNA-Asp(gtc)
EMGKIKMD_00603	tRNA	75				tRNA-Met(cat)
EMGKIKMD_00604	CDS	1503				hypothetical protein
EMGKIKMD_00605	CDS	1920				hypothetical protein
EMGKIKMD_00606	CDS	609				hypothetical protein
EMGKIKMD_00607	CDS	636	adk	2.7.4.3		Adenylate kinase
EMGKIKMD_00608	CDS	1113	pcnB	2.7.7.19		Poly(A) polymerase I
EMGKIKMD_00609	CDS	279				hypothetical protein
EMGKIKMD_00610	CDS	1818				hypothetical protein
EMGKIKMD_00611	CDS	654				hypothetical protein
EMGKIKMD_00612	CDS	1353		3.4.24.-	COG0750	Putative zinc metalloprotease
EMGKIKMD_00613	CDS	1131	dxr	1.1.1.267		1-deoxy-D-xylulose 5-phosphate reductoisomerase
EMGKIKMD_00614	CDS	864				hypothetical protein
EMGKIKMD_00615	CDS	687	uppS	2.5.1.-	COG0020	Isoprenyl transferase
EMGKIKMD_00616	CDS	552	frr		COG0233	Ribosome-recycling factor
EMGKIKMD_00617	CDS	873	tsf		COG0264	Elongation factor Ts
EMGKIKMD_00618	CDS	876				hypothetical protein
EMGKIKMD_00619	tRNA	74				tRNA-Arg(ccg)
EMGKIKMD_00620	CDS	729				hypothetical protein
EMGKIKMD_00621	CDS	1788	asnS	6.1.1.22	COG0017	Asparagine--tRNA ligase
EMGKIKMD_00622	CDS	2082				hypothetical protein
EMGKIKMD_00623	CDS	780				putative ABC transporter ATP-binding protein
EMGKIKMD_00624	CDS	1440				hypothetical protein
EMGKIKMD_00625	CDS	1149				hypothetical protein
EMGKIKMD_00626	CDS	1215	sufS	2.8.1.7	COG0520	Cysteine desulfurase SufS
EMGKIKMD_00627	CDS	444	sufU	2.-.-.-	COG0822	Zinc-dependent sulfurtransferase SufU
EMGKIKMD_00628	CDS	789	rpiA	5.3.1.6	COG0120	Ribose-5-phosphate isomerase A
EMGKIKMD_00629	CDS	414				hypothetical protein
EMGKIKMD_00630	CDS	360				hypothetical protein
EMGKIKMD_00631	CDS	798				hypothetical protein
EMGKIKMD_00632	CDS	1830				hypothetical protein
EMGKIKMD_00633	CDS	2277				hypothetical protein
EMGKIKMD_00634	CDS	1782	bepA_4	3.4.-.-		Beta-barrel assembly-enhancing protease
EMGKIKMD_00635	CDS	1536				hypothetical protein
EMGKIKMD_00636	CDS	1431	pal_2			Peptidoglycan-associated lipoprotein
EMGKIKMD_00637	CDS	639				hypothetical protein
EMGKIKMD_00638	CDS	1176	sbcD			Nuclease SbcCD subunit D
EMGKIKMD_00639	CDS	3144				hypothetical protein
EMGKIKMD_00640	CDS	1482	pncB	6.3.4.21		Nicotinate phosphoribosyltransferase
EMGKIKMD_00641	CDS	813				hypothetical protein
EMGKIKMD_00642	CDS	843	cheR	2.1.1.80		Chemotaxis protein methyltransferase
EMGKIKMD_00643	CDS	1278	cheB	3.1.1.61	COG2201	Protein-glutamate methylesterase/protein-glutamine glutaminase
EMGKIKMD_00644	CDS	1014	trpS	6.1.1.2	COG0180	Tryptophan--tRNA ligase
EMGKIKMD_00645	CDS	876	msrA	1.8.4.11		Peptide methionine sulfoxide reductase MsrA
EMGKIKMD_00646	CDS	2472	ligA	6.5.1.2		DNA ligase
EMGKIKMD_00647	CDS	765	recO			DNA repair protein RecO
EMGKIKMD_00648	CDS	951	miaA	2.5.1.75	COG0324	tRNA dimethylallyltransferase
EMGKIKMD_00649	CDS	435				hypothetical protein
EMGKIKMD_00650	tRNA	75				tRNA-Arg(tcg)
EMGKIKMD_00651	tRNA	73				tRNA-His(gtg)
EMGKIKMD_00652	tRNA	73				tRNA-Phe(gaa)
EMGKIKMD_00653	CDS	1836				hypothetical protein
EMGKIKMD_00654	CDS	1845				hypothetical protein
EMGKIKMD_00655	CDS	1404	hisS	6.1.1.21	COG0124	Histidine--tRNA ligase
EMGKIKMD_00656	CDS	1761	pgcA	5.4.2.2		Phosphoglucomutase
EMGKIKMD_00657	CDS	648	polC	2.7.7.7	COG2176	DNA polymerase III PolC-type
EMGKIKMD_00658	CDS	1587	lysS	6.1.1.6	COG1384	Lysine--tRNA ligase
EMGKIKMD_00659	CDS	1143				hypothetical protein
EMGKIKMD_00660	CDS	1281	serS	6.1.1.11	COG0172	Serine--tRNA ligase
EMGKIKMD_00661	CDS	1977	bepA_5	3.4.-.-		Beta-barrel assembly-enhancing protease
EMGKIKMD_00662	CDS	798	corC		COG4535	Magnesium and cobalt efflux protein CorC
EMGKIKMD_00663	CDS	483	ybeY	3.1.-.-	COG0319	Endoribonuclease YbeY
EMGKIKMD_00664	CDS	2412				hypothetical protein
EMGKIKMD_00665	CDS	1128	potA_2	7.6.2.11	COG3842	Spermidine/putrescine import ATP-binding protein PotA
EMGKIKMD_00666	CDS	900	potB		COG1176	Spermidine/putrescine transport system permease protein PotB
EMGKIKMD_00667	CDS	819	ydcV			Inner membrane ABC transporter permease protein YdcV
EMGKIKMD_00668	CDS	1047	potD		COG0687	Spermidine/putrescine-binding periplasmic protein
EMGKIKMD_00669	CDS	222	csrA		COG1551	Translational regulator CsrA
EMGKIKMD_00670	CDS	453	fliW		COG1699	Flagellar assembly factor FliW
EMGKIKMD_00671	CDS	1245				hypothetical protein
EMGKIKMD_00672	CDS	1878				hypothetical protein
EMGKIKMD_00673	CDS	513				hypothetical protein
EMGKIKMD_00674	CDS	999	cbbA	4.1.2.13		Fructose-bisphosphate aldolase
EMGKIKMD_00675	CDS	729				hypothetical protein
EMGKIKMD_00676	CDS	726	flaAL			Putative flagellar filament outer layer-like protein
EMGKIKMD_00677	CDS	756				hypothetical protein
EMGKIKMD_00678	CDS	177				hypothetical protein
EMGKIKMD_00679	CDS	1656	udk	2.7.1.48		Uridine kinase
EMGKIKMD_00680	tRNA	73				tRNA-Pro(tgg)
EMGKIKMD_00681	CDS	609				hypothetical protein
EMGKIKMD_00682	CDS	3513	dnaE	2.7.7.7	COG0587	DNA polymerase III subunit alpha
EMGKIKMD_00683	tRNA	74				tRNA-Arg(tct)
EMGKIKMD_00684	CDS	1002				hypothetical protein
EMGKIKMD_00685	CDS	1476	glyQS	6.1.1.14		Glycine--tRNA ligase
EMGKIKMD_00686	CDS	1614	gltX	6.1.1.17	COG0008	Glutamate--tRNA ligase
EMGKIKMD_00687	CDS	609	mutS2	3.1.-.-		Endonuclease MutS2
EMGKIKMD_00688	CDS	1041				hypothetical protein
EMGKIKMD_00689	CDS	279				hypothetical protein
EMGKIKMD_00690	CDS	609				hypothetical protein
EMGKIKMD_00691	tRNA	72				tRNA-Val(cac)
EMGKIKMD_00692	CDS	924				hypothetical protein
EMGKIKMD_00693	CDS	318				hypothetical protein
EMGKIKMD_00694	CDS	1059	tsaD	2.3.1.234	COG0533	tRNA N6-adenosine threonylcarbamoyltransferase
EMGKIKMD_00695	CDS	1134	alr1	5.1.1.1	COG0787	Alanine racemase 1
EMGKIKMD_00696	CDS	603	rlmE	2.1.1.166	COG0293	Ribosomal RNA large subunit methyltransferase E
EMGKIKMD_00697	CDS	1134	ispB	2.5.1.90	COG0142	Octaprenyl diphosphate synthase
EMGKIKMD_00698	CDS	1212	mglB_2		COG1879	Glucose/galactose-binding lipoprotein
EMGKIKMD_00699	CDS	1491	mglA	7.5.2.11	COG1129	Galactose/methyl galactoside import ATP-binding protein MglA
EMGKIKMD_00700	CDS	1596				hypothetical protein
EMGKIKMD_00701	CDS	2061	recG	3.6.4.12	COG1200	ATP-dependent DNA helicase RecG
EMGKIKMD_00702	CDS	993	mccF			Microcin C7 self-immunity protein MccF
EMGKIKMD_00703	CDS	1383	der		COG1160	GTPase Der
EMGKIKMD_00704	CDS	582				hypothetical protein
EMGKIKMD_00705	CDS	753	scpA		COG1354	Segregation and condensation protein A
EMGKIKMD_00706	CDS	1224	recA		COG0468	Protein RecA
EMGKIKMD_00707	tRNA	74				tRNA-Met(cat)
EMGKIKMD_00708	CDS	1323				hypothetical protein
EMGKIKMD_00709	CDS	678				hypothetical protein
EMGKIKMD_00710	CDS	1794	ddl	6.3.2.4		D-alanine--D-alanine ligase
EMGKIKMD_00711	CDS	819	pncA	3.5.1.19	COG1335	Nicotinamidase
EMGKIKMD_00712	CDS	609				hypothetical protein
EMGKIKMD_00713	CDS	546				hypothetical protein
EMGKIKMD_00714	CDS	96				hypothetical protein
EMGKIKMD_00715	CDS	393				hypothetical protein
EMGKIKMD_00716	CDS	204				hypothetical protein
EMGKIKMD_00717	tRNA	74				tRNA-Pro(ggg)
EMGKIKMD_00718	CDS	537				hypothetical protein
EMGKIKMD_00719	CDS	681				hypothetical protein
EMGKIKMD_00720	CDS	2295				hypothetical protein
EMGKIKMD_00721	CDS	2655	mrcA		COG5009	Penicillin-binding protein 1A
EMGKIKMD_00722	CDS	1041				hypothetical protein
EMGKIKMD_00723	CDS	378				hypothetical protein
EMGKIKMD_00724	CDS	516				hypothetical protein
EMGKIKMD_00725	CDS	789	fliA		COG1191	RNA polymerase sigma factor FliA
EMGKIKMD_00726	CDS	1971				hypothetical protein
EMGKIKMD_00727	CDS	573				hypothetical protein
EMGKIKMD_00728	CDS	915	ylxH_1		COG0455	Flagellum site-determining protein YlxH
EMGKIKMD_00729	CDS	1314	ftsY_2			Signal recognition particle receptor FtsY
EMGKIKMD_00730	CDS	2124	flhA		COG1298	Flagellar biosynthesis protein FlhA
EMGKIKMD_00731	CDS	1131	flhB_1		COG1377	Flagellar biosynthetic protein FlhB
EMGKIKMD_00732	CDS	798	fliR		COG1684	Flagellar biosynthetic protein FliR
EMGKIKMD_00733	CDS	282				hypothetical protein
EMGKIKMD_00734	CDS	816				hypothetical protein
EMGKIKMD_00735	CDS	738				hypothetical protein
EMGKIKMD_00736	CDS	1047				hypothetical protein
EMGKIKMD_00737	CDS	1035	fliM		COG1868	Flagellar motor switch protein FliM
EMGKIKMD_00738	CDS	549				hypothetical protein
EMGKIKMD_00739	CDS	132				hypothetical protein
EMGKIKMD_00740	CDS	717	motB		COG1360	Motility protein B
EMGKIKMD_00741	CDS	780	pomA		COG1291	Chemotaxis protein PomA
EMGKIKMD_00742	CDS	198	swrD		COG1582	Swarming motility protein SwrD
EMGKIKMD_00743	CDS	1392	flgE		COG1749	Flagellar hook protein FlgE
EMGKIKMD_00744	CDS	462				hypothetical protein
EMGKIKMD_00745	CDS	1644				hypothetical protein
EMGKIKMD_00746	CDS	852				hypothetical protein
EMGKIKMD_00747	CDS	657				hypothetical protein
EMGKIKMD_00748	CDS	1026	folD		COG0190	Bifunctional protein FolD protein
EMGKIKMD_00749	CDS	660				hypothetical protein
EMGKIKMD_00750	CDS	702	deoD	2.4.2.1		Purine nucleoside phosphorylase DeoD-type
EMGKIKMD_00751	CDS	1557	gltD	1.4.1.13	COG0493	Glutamate synthase [NADPH] small chain
EMGKIKMD_00752	CDS	843			COG0543	Dihydroorotate dehydrogenase B (NAD(+)), electron transfer subunit 
EMGKIKMD_00753	CDS	1311				hypothetical protein
EMGKIKMD_00754	CDS	336	rsfS		COG0799	Ribosomal silencing factor RsfS
EMGKIKMD_00755	CDS	1197				hypothetical protein
EMGKIKMD_00756	CDS	714				hypothetical protein
EMGKIKMD_00757	CDS	615	nadD	2.7.7.18	COG1057	Nicotinate-nucleotide adenylyltransferase
EMGKIKMD_00758	CDS	1131	obg	3.6.5.-		GTPase Obg
EMGKIKMD_00759	CDS	264	rpmA		COG0211	50S ribosomal protein L27
EMGKIKMD_00760	CDS	327				hypothetical protein
EMGKIKMD_00761	CDS	318	rplU		COG0261	50S ribosomal protein L21
EMGKIKMD_00762	CDS	2706	ppdK	2.7.9.1	COG0574	Pyruvate, phosphate dikinase
EMGKIKMD_00763	CDS	1035				hypothetical protein
EMGKIKMD_00764	CDS	120				hypothetical protein
EMGKIKMD_00765	CDS	2037	cfpA			Cytoplasmic filament protein A
EMGKIKMD_00766	CDS	672				hypothetical protein
EMGKIKMD_00767	CDS	714				putative protein
EMGKIKMD_00768	CDS	1116				hypothetical protein
EMGKIKMD_00769	CDS	285				hypothetical protein
EMGKIKMD_00770	CDS	1371	miaB	2.8.4.3	COG0621	tRNA-2-methylthio-N(6)-dimethylallyladenosine synthase
EMGKIKMD_00771	CDS	657				hypothetical protein
EMGKIKMD_00772	CDS	960	fmt	2.1.2.9	COG0223	Methionyl-tRNA formyltransferase
EMGKIKMD_00773	CDS	489	def	3.5.1.88	COG0242	Peptide deformylase
EMGKIKMD_00774	CDS	210	rpsU			30S ribosomal protein S21
EMGKIKMD_00775	CDS	1866	spoVD		COG0768	Stage V sporulation protein D
EMGKIKMD_00776	CDS	879				hypothetical protein
EMGKIKMD_00777	CDS	1152				hypothetical protein
EMGKIKMD_00778	CDS	834				hypothetical protein
EMGKIKMD_00779	CDS	1176				hypothetical protein
EMGKIKMD_00780	CDS	2028	ftsH_2	3.4.24.-	COG0465	ATP-dependent zinc metalloprotease FtsH
EMGKIKMD_00781	CDS	882				hypothetical protein
EMGKIKMD_00782	CDS	2088	fusA_2		COG0480	Elongation factor G
EMGKIKMD_00783	CDS	1038	tmpA			Treponemal membrane protein A
EMGKIKMD_00784	CDS	978				hypothetical protein
EMGKIKMD_00785	CDS	1821	deaD_1	3.6.4.13		ATP-dependent RNA helicase DeaD
EMGKIKMD_00786	CDS	1662				hypothetical protein
EMGKIKMD_00787	CDS	783				hypothetical protein
EMGKIKMD_00788	tRNA	75				tRNA-Lys(ttt)
EMGKIKMD_00789	tRNA	85				tRNA-Leu(cag)
EMGKIKMD_00790	CDS	675	sapB		COG1285	Protein SapB
EMGKIKMD_00791	CDS	636	nth_2	4.2.99.18	COG0177	Endonuclease III
EMGKIKMD_00792	CDS	156				hypothetical protein
EMGKIKMD_00793	CDS	777				hypothetical protein
EMGKIKMD_00794	CDS	225				hypothetical protein
EMGKIKMD_00795	CDS	909	mazG	3.6.1.1	COG1694	Nucleoside triphosphate pyrophosphohydrolase/pyrophosphatase MazG
EMGKIKMD_00796	CDS	645				hypothetical protein
EMGKIKMD_00797	CDS	2025	nadE	6.3.5.1	COG0171	Glutamine-dependent NAD(+) synthetase
EMGKIKMD_00798	CDS	462				hypothetical protein
EMGKIKMD_00799	CDS	444				hypothetical protein
EMGKIKMD_00800	CDS	1098				hypothetical protein
EMGKIKMD_00801	CDS	600				hypothetical protein
EMGKIKMD_00802	CDS	687	lptA			Lipopolysaccharide export system protein LptA
EMGKIKMD_00803	CDS	849	lptB	3.6.3.-	COG1137	Lipopolysaccharide export system ATP-binding protein LptB
EMGKIKMD_00804	CDS	393				hypothetical protein
EMGKIKMD_00805	CDS	891				hypothetical protein
EMGKIKMD_00806	CDS	777				hypothetical protein
EMGKIKMD_00807	CDS	2652				hypothetical protein
EMGKIKMD_00808	CDS	861	flaB2		COG1344	Flagellin FlaB2
EMGKIKMD_00809	CDS	1620				hypothetical protein
EMGKIKMD_00810	CDS	1191	metK	2.5.1.6	COG0192	S-adenosylmethionine synthase
EMGKIKMD_00811	CDS	1005	apbE	2.7.1.180	COG1477	FAD:protein FMN transferase
EMGKIKMD_00812	CDS	792	proC	1.5.1.2	COG0345	Pyrroline-5-carboxylate reductase
EMGKIKMD_00813	CDS	2436	metG	6.1.1.10	COG0073	Methionine--tRNA ligase
EMGKIKMD_00814	CDS	1473				hypothetical protein
EMGKIKMD_00815	CDS	2430	clpA		COG0542	ATP-dependent Clp protease ATP-binding subunit ClpA
EMGKIKMD_00816	CDS	1209				hypothetical protein
EMGKIKMD_00817	CDS	1164	msmX	7.5.2.-	COG3839	Oligosaccharides import ATP-binding protein MsmX
EMGKIKMD_00818	CDS	2277	rnr	3.1.13.1		Ribonuclease R
EMGKIKMD_00819	CDS	1497				hypothetical protein
EMGKIKMD_00820	CDS	189	rpmF			50S ribosomal protein L32
EMGKIKMD_00821	CDS	237	acpP		COG0236	Acyl carrier protein
EMGKIKMD_00822	CDS	765	rnc	3.1.26.3	COG0571	Ribonuclease 3
EMGKIKMD_00823	CDS	912	dpnM	2.1.1.72		Modification methylase DpnIIA
EMGKIKMD_00824	CDS	1005	menE	6.2.1.26		2-succinylbenzoate--CoA ligase
EMGKIKMD_00825	CDS	1287				hypothetical protein
EMGKIKMD_00826	CDS	924	trxB	1.8.1.9	COG0492	Thioredoxin reductase
EMGKIKMD_00827	CDS	912				hypothetical protein
EMGKIKMD_00828	CDS	666				hypothetical protein
EMGKIKMD_00829	CDS	1299	eno	4.2.1.11	COG0148	Enolase
EMGKIKMD_00830	CDS	927	rbn_2	3.1.-.-	COG1234	Ribonuclease BN
EMGKIKMD_00831	CDS	762				hypothetical protein
EMGKIKMD_00832	CDS	807			COG1464	Membrane lipoprotein TpN32
EMGKIKMD_00833	CDS	906	mscS		COG0668	Small-conductance mechanosensitive channel
EMGKIKMD_00834	CDS	387	dfx	1.15.1.2	COG2033	Desulfoferrodoxin
EMGKIKMD_00835	CDS	1893	dxs	2.2.1.7	COG1154	1-deoxy-D-xylulose-5-phosphate synthase
EMGKIKMD_00836	CDS	822	dacA	2.7.7.85	COG1624	Diadenylate cyclase
EMGKIKMD_00837	CDS	963				hypothetical protein
EMGKIKMD_00838	CDS	378	acpS	2.7.8.7	COG0736	Holo-[acyl-carrier-protein] synthase
EMGKIKMD_00839	CDS	885				hypothetical protein
EMGKIKMD_00840	CDS	843	truA	5.4.99.12	COG0101	tRNA pseudouridine synthase A
EMGKIKMD_00841	CDS	1770	argS	6.1.1.19	COG0018	Arginine--tRNA ligase
EMGKIKMD_00842	CDS	807				hypothetical protein
EMGKIKMD_00843	CDS	717				hypothetical protein
EMGKIKMD_00844	CDS	1251	tyrS	6.1.1.1		Tyrosine--tRNA ligase
EMGKIKMD_00845	CDS	2805				hypothetical protein
EMGKIKMD_00846	CDS	825				hypothetical protein
EMGKIKMD_00847	CDS	1749	thrS	6.1.1.3	COG0441	Threonine--tRNA ligase
EMGKIKMD_00848	CDS	1665	ybiT		COG0488	putative ABC transporter ATP-binding protein YbiT
EMGKIKMD_00849	CDS	1008				hypothetical protein
EMGKIKMD_00850	CDS	2250				hypothetical protein
EMGKIKMD_00851	CDS	1575	degP	3.4.21.107	COG0265	Periplasmic serine endoprotease DegP
EMGKIKMD_00852	CDS	768	map	3.4.11.18	COG0024	Methionine aminopeptidase 1
EMGKIKMD_00853	CDS	798	dnaJ_4			Chaperone protein DnaJ
EMGKIKMD_00854	CDS	1053	gap1	1.2.1.12	COG0057	Glyceraldehyde-3-phosphate dehydrogenase 1
EMGKIKMD_00855	CDS	591				hypothetical protein
EMGKIKMD_00856	CDS	327				hypothetical protein
EMGKIKMD_00857	CDS	336				hypothetical protein
EMGKIKMD_00858	CDS	369				hypothetical protein
EMGKIKMD_00859	CDS	201	rpmI		COG0291	50S ribosomal protein L35
EMGKIKMD_00860	CDS	522	infC		COG0290	Translation initiation factor IF-3
EMGKIKMD_00861	CDS	2169				hypothetical protein
EMGKIKMD_00862	CDS	999	lgt	2.5.1.145	COG0682	Phosphatidylglycerol--prolipoprotein diacylglyceryl transferase
EMGKIKMD_00863	CDS	1137	ylxH_2		COG0455	Flagellum site-determining protein YlxH
EMGKIKMD_00864	CDS	4602				hypothetical protein
EMGKIKMD_00865	CDS	3384				hypothetical protein
EMGKIKMD_00866	CDS	978				hypothetical protein
EMGKIKMD_00867	CDS	210				hypothetical protein
EMGKIKMD_00868	CDS	1113				hypothetical protein
EMGKIKMD_00869	CDS	645				hypothetical protein
EMGKIKMD_00870	CDS	723				hypothetical protein
EMGKIKMD_00871	CDS	1908	glmS	2.6.1.16	COG0449	Glutamine--fructose-6-phosphate aminotransferase [isomerizing]
EMGKIKMD_00872	CDS	789				hypothetical protein
EMGKIKMD_00873	CDS	1284	nifS	2.8.1.7	COG1104	Putative cysteine desulfurase NifS
EMGKIKMD_00874	CDS	1554				hypothetical protein
EMGKIKMD_00875	CDS	1380				hypothetical protein
EMGKIKMD_00876	CDS	1005	comM		COG0606	Competence protein ComM
EMGKIKMD_00877	CDS	957				hypothetical protein
EMGKIKMD_00878	CDS	861	flaB1		COG1344	Flagellin FlaB1
EMGKIKMD_00879	CDS	858	flaB3		COG1344	Flagellin FlaB3
EMGKIKMD_00880	CDS	2169				hypothetical protein
EMGKIKMD_00881	CDS	603				hypothetical protein
EMGKIKMD_00882	CDS	276				hypothetical protein
EMGKIKMD_00883	CDS	408	tsaE		COG0802	tRNA threonylcarbamoyladenosine biosynthesis protein TsaE
EMGKIKMD_00884	CDS	666				hypothetical protein
EMGKIKMD_00885	CDS	1098				hypothetical protein
EMGKIKMD_00886	CDS	960				hypothetical protein
EMGKIKMD_00887	CDS	1449				hypothetical protein
EMGKIKMD_00888	CDS	726				hypothetical protein
EMGKIKMD_00889	CDS	843	btuD	7.6.2.8		Vitamin B12 import ATP-binding protein BtuD
EMGKIKMD_00890	CDS	1356				hypothetical protein
EMGKIKMD_00891	CDS	1119				hypothetical protein
EMGKIKMD_00892	CDS	1098				hypothetical protein
EMGKIKMD_00893	CDS	441	dut	3.6.1.23		Deoxyuridine 5'-triphosphate nucleotidohydrolase
EMGKIKMD_00894	CDS	2109	pnp	2.7.7.8	COG1185	Polyribonucleotide nucleotidyltransferase
EMGKIKMD_00895	CDS	270	rpsO			30S ribosomal protein S15
EMGKIKMD_00896	CDS	828	ribF		COG0196	Bifunctional riboflavin kinase/FMN adenylyltransferase
EMGKIKMD_00897	CDS	1086	truB	5.4.99.25		tRNA pseudouridine synthase B
EMGKIKMD_00898	CDS	381	rbfA		COG0858	30S ribosome-binding factor
EMGKIKMD_00899	CDS	2697	infB			Translation initiation factor IF-2
EMGKIKMD_00900	CDS	1458	nusA			Transcription termination/antitermination protein NusA
EMGKIKMD_00901	CDS	471	rimP			Ribosome maturation factor RimP
EMGKIKMD_00902	CDS	1023				hypothetical protein
EMGKIKMD_00903	CDS	507				hypothetical protein
EMGKIKMD_00904	CDS	1518				hypothetical protein
EMGKIKMD_00905	CDS	3720	addA	3.1.-.-		ATP-dependent helicase/nuclease subunit A
EMGKIKMD_00906	CDS	549				hypothetical protein
EMGKIKMD_00907	CDS	2394				hypothetical protein
EMGKIKMD_00908	CDS	1413	mdtK			Multidrug resistance protein MdtK
EMGKIKMD_00909	CDS	882	est	3.1.1.1	COG1647	Carboxylesterase
EMGKIKMD_00910	CDS	1599	murD	6.3.2.9		UDP-N-acetylmuramoylalanine--D-glutamate ligase
EMGKIKMD_00911	CDS	372				hypothetical protein
EMGKIKMD_00912	CDS	243				hypothetical protein
EMGKIKMD_00913	CDS	537	rimM			Ribosome maturation factor RimM
EMGKIKMD_00914	CDS	753	trmD	2.1.1.228	COG0336	tRNA (guanine-N(1)-)-methyltransferase
EMGKIKMD_00915	CDS	372	rplS		COG0335	50S ribosomal protein L19
EMGKIKMD_00916	CDS	921				hypothetical protein
EMGKIKMD_00917	CDS	252	flhB_2		COG1377	Flagellar biosynthetic protein FlhB
EMGKIKMD_00918	CDS	1251				hypothetical protein
EMGKIKMD_00919	CDS	381				hypothetical protein
EMGKIKMD_00920	CDS	183				hypothetical protein
EMGKIKMD_00921	CDS	387				hypothetical protein
EMGKIKMD_00922	CDS	1335	lapB_2			Lipopolysaccharide assembly protein B
EMGKIKMD_00923	CDS	1350			COG2239	Magnesium transporter MgtE
EMGKIKMD_00924	CDS	792				hypothetical protein
EMGKIKMD_00925	CDS	318	trxA		COG0526	Thioredoxin
EMGKIKMD_00926	CDS	2424				hypothetical protein
EMGKIKMD_00927	CDS	1338		1.6.99.3		putative NADH oxidase
EMGKIKMD_00928	CDS	168				hypothetical protein
EMGKIKMD_00929	CDS	825				hypothetical protein
EMGKIKMD_00930	CDS	1020				hypothetical protein
EMGKIKMD_00931	tRNA	74				tRNA-Ala(cgc)
EMGKIKMD_00932	CDS	2337	yhgF		COG2183	Protein YhgF
EMGKIKMD_00933	tRNA	73				tRNA-Thr(cgt)
EMGKIKMD_00934	CDS	621				hypothetical protein
EMGKIKMD_00935	CDS	1539				hypothetical protein
EMGKIKMD_00936	CDS	273				hypothetical protein
EMGKIKMD_00937	CDS	213				hypothetical protein
EMGKIKMD_00938	CDS	687				hypothetical protein
EMGKIKMD_00939	CDS	834				hypothetical protein
EMGKIKMD_00940	CDS	1707				hypothetical protein
EMGKIKMD_00941	CDS	1431	treA	3.2.1.28		Periplasmic trehalase
EMGKIKMD_00942	CDS	1623	murE	6.3.2.13	COG0769	UDP-N-acetylmuramoyl-L-alanyl-D-glutamate--2,6-diaminopimelate ligase
EMGKIKMD_00943	CDS	1224				hypothetical protein
EMGKIKMD_00944	CDS	939	lipR	3.1.1.-	COG0657	Putative acetyl-hydrolase LipR
EMGKIKMD_00945	tRNA	74				tRNA-Val(gac)
EMGKIKMD_00946	CDS	1074				hypothetical protein
EMGKIKMD_00947	CDS	636				hypothetical protein
EMGKIKMD_00948	CDS	711				hypothetical protein
EMGKIKMD_00949	CDS	3555	nifJ	1.2.7.-	COG0674	Pyruvate-flavodoxin oxidoreductase
EMGKIKMD_00950	CDS	519				hypothetical protein
EMGKIKMD_00951	CDS	465				hypothetical protein
EMGKIKMD_00952	CDS	447	fliS		COG1516	Flagellar secretion chaperone FliS
EMGKIKMD_00953	CDS	1173				hypothetical protein
EMGKIKMD_00954	CDS	657	rpe	5.1.3.1		Ribulose-phosphate 3-epimerase
EMGKIKMD_00955	CDS	669	rsmG	2.1.1.170	COG0357	Ribosomal RNA small subunit methyltransferase G
EMGKIKMD_00956	CDS	648	ppiB	5.2.1.8	COG0652	putative peptidyl-prolyl cis-trans isomerase
EMGKIKMD_00957	CDS	696				hypothetical protein
EMGKIKMD_00958	CDS	1869	yidC			Membrane protein insertase YidC
EMGKIKMD_00959	CDS	285	yidD			Putative membrane protein insertion efficiency factor
EMGKIKMD_00960	CDS	156	rpmH		COG0230	50S ribosomal protein L34
EMGKIKMD_00961	CDS	1008				hypothetical protein
EMGKIKMD_00962	CDS	1179				hypothetical protein
EMGKIKMD_00963	CDS	1437	bepA_6	3.4.-.-		Beta-barrel assembly-enhancing protease
EMGKIKMD_00964	CDS	294				hypothetical protein
EMGKIKMD_00965	CDS	1026			COG5660	putative protein
EMGKIKMD_00966	CDS	1029				hypothetical protein
EMGKIKMD_00967	CDS	1899				hypothetical protein
EMGKIKMD_00968	CDS	390				hypothetical protein
EMGKIKMD_00969	CDS	795	flgG_1		COG4786	Flagellar basal-body rod protein FlgG
EMGKIKMD_00970	CDS	816	flgG_2		COG4786	Flagellar basal-body rod protein FlgG
EMGKIKMD_00971	CDS	1233	macB_1	3.6.3.-	COG0577	Macrolide export ATP-binding/permease protein MacB
EMGKIKMD_00972	CDS	1230	macB_2	3.6.3.-		Macrolide export ATP-binding/permease protein MacB
EMGKIKMD_00973	CDS	708	yknY	3.6.3.-	COG1136	putative ABC transporter ATP-binding protein YknY
EMGKIKMD_00974	CDS	963				hypothetical protein
EMGKIKMD_00975	CDS	1587				hypothetical protein
EMGKIKMD_00976	CDS	1554				hypothetical protein
EMGKIKMD_00977	CDS	1623				hypothetical protein
EMGKIKMD_00978	CDS	1539				hypothetical protein
EMGKIKMD_00979	CDS	615	tpd		COG3470	34 kDa membrane antigen
EMGKIKMD_00980	CDS	171				hypothetical protein
EMGKIKMD_00981	CDS	1347	efeU		COG0672	Ferrous iron permease EfeU
EMGKIKMD_00982	CDS	1662				hypothetical protein
EMGKIKMD_00983	CDS	279				hypothetical protein
EMGKIKMD_00984	CDS	825	rsmI	2.1.1.198	COG0313	Ribosomal RNA small subunit methyltransferase I
EMGKIKMD_00985	CDS	1380				hypothetical protein
EMGKIKMD_00986	CDS	861	ybgI		COG0327	GTP cyclohydrolase 1 type 2 
EMGKIKMD_00987	CDS	561	lspA	3.4.23.36	COG0597	Lipoprotein signal peptidase
EMGKIKMD_00988	CDS	774	ycfH	3.1.-.-	COG0084	putative metal-dependent hydrolase YcfH
EMGKIKMD_00989	CDS	1056	dus	1.3.1.-	COG0042	putative tRNA-dihydrouridine synthase
EMGKIKMD_00990	CDS	1044				hypothetical protein
EMGKIKMD_00991	CDS	621				hypothetical protein
EMGKIKMD_00992	CDS	675				hypothetical protein
EMGKIKMD_00993	CDS	1920	htpG		COG0326	Chaperone protein HtpG
EMGKIKMD_00994	CDS	1704	aspS	6.1.1.12	COG0173	Aspartate--tRNA(Asp) ligase
EMGKIKMD_00995	CDS	885	cntI			Pseudopaline exporter CntI
EMGKIKMD_00996	CDS	384				hypothetical protein
EMGKIKMD_00997	CDS	600				hypothetical protein
EMGKIKMD_00998	CDS	705				hypothetical protein
EMGKIKMD_00999	CDS	3102				hypothetical protein
EMGKIKMD_01000	CDS	159	rubR2			Rubredoxin-2
EMGKIKMD_01001	CDS	366				hypothetical protein
EMGKIKMD_01002	CDS	954	rlpA	4.2.2.-		Endolytic peptidoglycan transglycosylase RlpA
EMGKIKMD_01003	tRNA	86				tRNA-Leu(taa)
EMGKIKMD_01004	CDS	810	dtd3	3.1.1.96		D-aminoacyl-tRNA deacylase
EMGKIKMD_01005	CDS	135				hypothetical protein
EMGKIKMD_01006	CDS	1281				hypothetical protein
EMGKIKMD_01007	tRNA	77				tRNA-Ala(ggc)
EMGKIKMD_01008	CDS	1797	sppA	3.4.21.-	COG0616	Protease 4
EMGKIKMD_01009	CDS	1389	alsT_2		COG1115	Amino-acid carrier protein AlsT
EMGKIKMD_01010	CDS	2400				hypothetical protein
EMGKIKMD_01011	CDS	561				hypothetical protein
EMGKIKMD_01012	CDS	1101				hypothetical protein
EMGKIKMD_01013	CDS	756				hypothetical protein
EMGKIKMD_01014	CDS	948				hypothetical protein
EMGKIKMD_01015	CDS	606	recR		COG0353	Recombination protein RecR
EMGKIKMD_01016	CDS	1719	ruvB_2	3.6.4.12		Holliday junction ATP-dependent DNA helicase RuvB
EMGKIKMD_01017	CDS	1914	gyrB	5.6.2.2	COG0187	DNA gyrase subunit B
EMGKIKMD_01018	CDS	918	thyX	2.1.1.148		Flavin-dependent thymidylate synthase
EMGKIKMD_01019	CDS	2538				hypothetical protein
EMGKIKMD_01020	CDS	1071	gpsA	1.1.1.94		Glycerol-3-phosphate dehydrogenase [NAD(P)+]
EMGKIKMD_01021	CDS	450	ndk	2.7.4.6	COG0105	Nucleoside diphosphate kinase
EMGKIKMD_01022	CDS	609	pth	3.1.1.29	COG0193	Peptidyl-tRNA hydrolase
EMGKIKMD_01023	CDS	891	sigA		COG0568	RNA polymerase sigma factor SigA
EMGKIKMD_01024	CDS	267	groS			10 kDa chaperonin
EMGKIKMD_01025	CDS	1863				hypothetical protein
EMGKIKMD_01026	CDS	426	nusB		COG0781	Transcription antitermination protein NusB
EMGKIKMD_01027	CDS	1086	surA	5.2.1.8		Chaperone SurA
EMGKIKMD_01028	CDS	1932				hypothetical protein
EMGKIKMD_01029	CDS	1515	rny	3.1.-.-	COG1418	Ribonuclease Y
EMGKIKMD_01030	CDS	444				hypothetical protein
EMGKIKMD_01031	CDS	1521	gatA	6.3.5.7	COG0154	Glutamyl-tRNA(Gln) amidotransferase subunit A
EMGKIKMD_01032	CDS	1530	gatB	6.3.5.-	COG0064	Aspartyl/glutamyl-tRNA(Asn/Gln) amidotransferase subunit B
EMGKIKMD_01033	CDS	1368	radA	3.6.4.-	COG1066	DNA repair protein RadA
EMGKIKMD_01034	CDS	669	recX			Regulatory protein RecX
EMGKIKMD_01035	CDS	390	rpsI		COG0103	30S ribosomal protein S9
EMGKIKMD_01036	CDS	429	rplM		COG0102	50S ribosomal protein L13
EMGKIKMD_01037	CDS	243				hypothetical protein
EMGKIKMD_01038	CDS	1770				hypothetical protein
EMGKIKMD_01039	CDS	876	udp	2.4.2.3	COG2820	Uridine phosphorylase
EMGKIKMD_01040	CDS	2058	pcrA_2	3.6.4.12	COG0210	ATP-dependent DNA helicase PcrA
EMGKIKMD_01041	CDS	687	deaD_2	3.6.4.13		ATP-dependent RNA helicase DeaD
EMGKIKMD_01042	CDS	342				hypothetical protein
EMGKIKMD_01043	CDS	1656				hypothetical protein
EMGKIKMD_01044	CDS	435				hypothetical protein
EMGKIKMD_01045	CDS	936				hypothetical protein
EMGKIKMD_01046	CDS	1026	yrbG		COG0530	Inner membrane protein YrbG
EMGKIKMD_01047	CDS	2955	valS	6.1.1.9	COG0525	Valine--tRNA ligase
EMGKIKMD_01048	CDS	2379	actP	7.2.2.9		Copper-transporting P-type ATPase
EMGKIKMD_01049	CDS	717				hypothetical protein
EMGKIKMD_01050	CDS	534	tpf1		COG0783	Antigen TpF1
EMGKIKMD_01051	CDS	573	apt	2.4.2.7		Adenine phosphoribosyltransferase
EMGKIKMD_01052	CDS	1056	epmA	6.3.1.-	COG2269	Elongation factor P--(R)-beta-lysine ligase
EMGKIKMD_01053	CDS	600	clpP_2	3.4.21.92	COG0740	ATP-dependent Clp protease proteolytic subunit
